Id,FirstName,Surname,Image
1,James,Smith,https://randomuser.me/api/portraits/men/13.jpg
2,Michael,Smith,https://randomuser.me/api/portraits/men/13.jpg
3,Robert,Smith,https://randomuser.me/api/portraits/men/13.jpg
4,David,Smith,https://randomuser.me/api/portraits/men/13.jpg
5,James,Johnson,https://randomuser.me/api/portraits/men/13.jpg
6,Michael,Johnson,https://randomuser.me/api/portraits/men/13.jpg
7,William,Smith,https://randomuser.me/api/portraits/men/13.jpg
8,James,Williams,https://randomuser.me/api/portraits/men/13.jpg
9,Robert,Johnson,https://randomuser.me/api/portraits/men/13.jpg
10,Mary,Smith,https://randomuser.me/api/portraits/men/13.jpg
11,James,Brown,https://randomuser.me/api/portraits/men/13.jpg
12,John,Smith,https://randomuser.me/api/portraits/men/13.jpg
13,David,Johnson,https://randomuser.me/api/portraits/men/13.jpg
14,Michael,Brown,https://randomuser.me/api/portraits/men/13.jpg
15,Maria,Garcia,https://randomuser.me/api/portraits/men/13.jpg
16,Michael,Williams,https://randomuser.me/api/portraits/men/13.jpg
17,Michael,Jones,https://randomuser.me/api/portraits/men/13.jpg
18,James,Jones,https://randomuser.me/api/portraits/men/13.jpg
19,Maria,Rodriguez,https://randomuser.me/api/portraits/men/13.jpg
20,Robert,Brown,https://randomuser.me/api/portraits/men/13.jpg
21,Michael,Miller,https://randomuser.me/api/portraits/men/13.jpg
22,Robert,Jones,https://randomuser.me/api/portraits/men/13.jpg
23,Robert,Williams,https://randomuser.me/api/portraits/men/13.jpg
24,William,Johnson,https://randomuser.me/api/portraits/men/13.jpg
25,James,Davis,https://randomuser.me/api/portraits/men/13.jpg
26,Mary,Johnson,https://randomuser.me/api/portraits/men/13.jpg
27,Maria,Martinez,https://randomuser.me/api/portraits/men/13.jpg
28,Charles,Smith,https://randomuser.me/api/portraits/men/13.jpg
29,David,Brown,https://randomuser.me/api/portraits/men/13.jpg
30,Robert,Miller,https://randomuser.me/api/portraits/men/13.jpg
31,James,Miller,https://randomuser.me/api/portraits/men/13.jpg
32,John,Williams,https://randomuser.me/api/portraits/men/13.jpg
33,Richard,Smith,https://randomuser.me/api/portraits/men/13.jpg
34,David,Williams,https://randomuser.me/api/portraits/men/13.jpg
35,David,Jones,https://randomuser.me/api/portraits/men/13.jpg
36,Michael,Davis,https://randomuser.me/api/portraits/men/13.jpg
37,William,Brown,https://randomuser.me/api/portraits/men/13.jpg
38,David,Miller,https://randomuser.me/api/portraits/men/13.jpg
39,Mary,Williams,https://randomuser.me/api/portraits/men/13.jpg
40,Jennifer,Smith,https://randomuser.me/api/portraits/men/13.jpg
41,William,Jones,https://randomuser.me/api/portraits/men/13.jpg
42,John,Johnson,https://randomuser.me/api/portraits/men/13.jpg
43,John,Miller,https://randomuser.me/api/portraits/men/13.jpg
44,Daniel,Smith,https://randomuser.me/api/portraits/men/13.jpg
45,Thomas,Smith,https://randomuser.me/api/portraits/men/13.jpg
46,Linda,Smith,https://randomuser.me/api/portraits/men/13.jpg
47,James,Wilson,https://randomuser.me/api/portraits/men/13.jpg
48,Robert,Davis,https://randomuser.me/api/portraits/men/13.jpg
49,Mary,Brown,https://randomuser.me/api/portraits/men/13.jpg
50,Mary,Jones,https://randomuser.me/api/portraits/men/13.jpg
51,Patricia,Smith,https://randomuser.me/api/portraits/men/13.jpg
52,James,Moore,https://randomuser.me/api/portraits/men/13.jpg
53,James,Taylor,https://randomuser.me/api/portraits/men/13.jpg
54,William,Miller,https://randomuser.me/api/portraits/men/13.jpg
55,John,Davis,https://randomuser.me/api/portraits/men/13.jpg
56,Charles,Johnson,https://randomuser.me/api/portraits/men/13.jpg
57,William,Davis,https://randomuser.me/api/portraits/men/13.jpg
58,John,Jones,https://randomuser.me/api/portraits/men/13.jpg
59,Richard,Johnson,https://randomuser.me/api/portraits/men/13.jpg
60,James,Anderson,https://randomuser.me/api/portraits/men/13.jpg
61,Robert,Taylor,https://randomuser.me/api/portraits/men/13.jpg
62,Barbara,Smith,https://randomuser.me/api/portraits/men/13.jpg
63,Michael,Moore,https://randomuser.me/api/portraits/men/13.jpg
64,James,Martin,https://randomuser.me/api/portraits/men/13.jpg
65,Michael,Wilson,https://randomuser.me/api/portraits/men/13.jpg
66,James,Thomas,https://randomuser.me/api/portraits/men/13.jpg
67,Joseph,Smith,https://randomuser.me/api/portraits/men/13.jpg
68,James,White,https://randomuser.me/api/portraits/men/13.jpg
69,Mary,Miller,https://randomuser.me/api/portraits/men/13.jpg
70,Robert,Anderson,https://randomuser.me/api/portraits/men/13.jpg
71,Robert,Wilson,https://randomuser.me/api/portraits/men/13.jpg
72,Charles,Williams,https://randomuser.me/api/portraits/men/13.jpg
73,Jennifer,Johnson,https://randomuser.me/api/portraits/men/13.jpg
74,Michael,Anderson,https://randomuser.me/api/portraits/men/13.jpg
75,John,Brown,https://randomuser.me/api/portraits/men/13.jpg
76,Michael,Martin,https://randomuser.me/api/portraits/men/13.jpg
77,James,Thompson,https://randomuser.me/api/portraits/men/13.jpg
78,Mark,Smith,https://randomuser.me/api/portraits/men/13.jpg
79,Michael,Thomas,https://randomuser.me/api/portraits/men/13.jpg
80,David,Anderson,https://randomuser.me/api/portraits/men/13.jpg
81,Linda,Johnson,https://randomuser.me/api/portraits/men/13.jpg
82,Elizabeth,Smith,https://randomuser.me/api/portraits/men/13.jpg
83,Mary,Davis,https://randomuser.me/api/portraits/men/13.jpg
84,James,Jackson,https://randomuser.me/api/portraits/men/13.jpg
85,Michael,Taylor,https://randomuser.me/api/portraits/men/13.jpg
86,Charles,Brown,https://randomuser.me/api/portraits/men/13.jpg
87,Daniel,Garcia,https://randomuser.me/api/portraits/men/13.jpg
88,James,Lee,https://randomuser.me/api/portraits/men/13.jpg
89,Michael,Thompson,https://randomuser.me/api/portraits/men/13.jpg
90,Daniel,Johnson,https://randomuser.me/api/portraits/men/13.jpg
91,David,Wilson,https://randomuser.me/api/portraits/men/13.jpg
92,Thomas,Johnson,https://randomuser.me/api/portraits/men/13.jpg
93,John,Anderson,https://randomuser.me/api/portraits/men/13.jpg
94,Robert,Moore,https://randomuser.me/api/portraits/men/13.jpg
95,John,Wilson,https://randomuser.me/api/portraits/men/13.jpg
96,Richard,Brown,https://randomuser.me/api/portraits/men/13.jpg
97,Charles,Jones,https://randomuser.me/api/portraits/men/13.jpg
98,Mark,Johnson,https://randomuser.me/api/portraits/men/13.jpg
99,Robert,Lee,https://randomuser.me/api/portraits/men/13.jpg
100,Patricia,Johnson,https://randomuser.me/api/portraits/men/13.jpg
101,Michael,Lee,https://randomuser.me/api/portraits/men/13.jpg
102,David,Garcia,https://randomuser.me/api/portraits/men/13.jpg
103,Robert,Martin,https://randomuser.me/api/portraits/men/13.jpg
104,Jennifer,Jones,https://randomuser.me/api/portraits/men/13.jpg
105,Daniel,Martinez,https://randomuser.me/api/portraits/men/13.jpg
106,John,Thomas,https://randomuser.me/api/portraits/men/13.jpg
107,John,Martin,https://randomuser.me/api/portraits/men/13.jpg
108,Richard,Miller,https://randomuser.me/api/portraits/men/13.jpg
109,Michael,White,https://randomuser.me/api/portraits/men/13.jpg
110,Robert,Thomas,https://randomuser.me/api/portraits/men/13.jpg
111,Barbara,Johnson,https://randomuser.me/api/portraits/men/13.jpg
112,Susan,Smith,https://randomuser.me/api/portraits/men/13.jpg
113,Robert,Thompson,https://randomuser.me/api/portraits/men/13.jpg
114,Daniel,Rodriguez,https://randomuser.me/api/portraits/men/13.jpg
115,Robert,White,https://randomuser.me/api/portraits/men/13.jpg
116,William,Wilson,https://randomuser.me/api/portraits/men/13.jpg
117,David,Lee,https://randomuser.me/api/portraits/men/13.jpg
118,Richard,Jones,https://randomuser.me/api/portraits/men/13.jpg
119,John,Taylor,https://randomuser.me/api/portraits/men/13.jpg
120,John,Moore,https://randomuser.me/api/portraits/men/13.jpg
121,Thomas,Brown,https://randomuser.me/api/portraits/men/13.jpg
122,Richard,Williams,https://randomuser.me/api/portraits/men/13.jpg
123,William,Taylor,https://randomuser.me/api/portraits/men/13.jpg
124,David,Martin,https://randomuser.me/api/portraits/men/13.jpg
125,David,Martinez,https://randomuser.me/api/portraits/men/13.jpg
126,William,Moore,https://randomuser.me/api/portraits/men/13.jpg
127,David,Rodriguez,https://randomuser.me/api/portraits/men/13.jpg
128,Thomas,Williams,https://randomuser.me/api/portraits/men/13.jpg
129,Linda,Williams,https://randomuser.me/api/portraits/men/13.jpg
130,David,Moore,https://randomuser.me/api/portraits/men/13.jpg
131,Daniel,Miller,https://randomuser.me/api/portraits/men/13.jpg
132,William,Martin,https://randomuser.me/api/portraits/men/13.jpg
133,Joseph,Johnson,https://randomuser.me/api/portraits/men/13.jpg
134,David,White,https://randomuser.me/api/portraits/men/13.jpg
135,Michael,Jackson,https://randomuser.me/api/portraits/men/13.jpg
136,Charles,Davis,https://randomuser.me/api/portraits/men/13.jpg
137,William,White,https://randomuser.me/api/portraits/men/13.jpg
138,Patricia,Williams,https://randomuser.me/api/portraits/men/13.jpg
139,Thomas,Jones,https://randomuser.me/api/portraits/men/13.jpg
140,David,Thomas,https://randomuser.me/api/portraits/men/13.jpg
141,William,Thomas,https://randomuser.me/api/portraits/men/13.jpg
142,Jennifer,Brown,https://randomuser.me/api/portraits/men/13.jpg
143,John,Thompson,https://randomuser.me/api/portraits/men/13.jpg
144,Charles,Miller,https://randomuser.me/api/portraits/men/13.jpg
145,Robert,Jackson,https://randomuser.me/api/portraits/men/13.jpg
146,David,Thompson,https://randomuser.me/api/portraits/men/13.jpg
147,Elizabeth,Johnson,https://randomuser.me/api/portraits/men/13.jpg
148,Mary,Wilson,https://randomuser.me/api/portraits/men/13.jpg
149,David,Taylor,https://randomuser.me/api/portraits/men/13.jpg
150,John,Lee,https://randomuser.me/api/portraits/men/13.jpg
151,Jennifer,Williams,https://randomuser.me/api/portraits/men/13.jpg
152,John,White,https://randomuser.me/api/portraits/men/13.jpg
153,Michael,Garcia,https://randomuser.me/api/portraits/men/13.jpg
154,Linda,Jones,https://randomuser.me/api/portraits/men/13.jpg
155,Joseph,Williams,https://randomuser.me/api/portraits/men/13.jpg
156,Linda,Brown,https://randomuser.me/api/portraits/men/13.jpg
157,William,Thompson,https://randomuser.me/api/portraits/men/13.jpg
158,Thomas,Miller,https://randomuser.me/api/portraits/men/13.jpg
159,Mary,Anderson,https://randomuser.me/api/portraits/men/13.jpg
160,Patricia,Brown,https://randomuser.me/api/portraits/men/13.jpg
161,Richard,Davis,https://randomuser.me/api/portraits/men/13.jpg
162,Daniel,Brown,https://randomuser.me/api/portraits/men/13.jpg
163,William,Anderson,https://randomuser.me/api/portraits/men/13.jpg
164,Jennifer,Miller,https://randomuser.me/api/portraits/men/13.jpg
165,Mary,Thomas,https://randomuser.me/api/portraits/men/13.jpg
166,Mary,Moore,https://randomuser.me/api/portraits/men/13.jpg
167,Patricia,Jones,https://randomuser.me/api/portraits/men/13.jpg
168,Mary,Martin,https://randomuser.me/api/portraits/men/13.jpg
169,Barbara,Williams,https://randomuser.me/api/portraits/men/13.jpg
170,Daniel,Williams,https://randomuser.me/api/portraits/men/13.jpg
171,Joseph,Brown,https://randomuser.me/api/portraits/men/13.jpg
172,Mary,Taylor,https://randomuser.me/api/portraits/men/13.jpg
173,Michael,Martinez,https://randomuser.me/api/portraits/men/13.jpg
174,Barbara,Brown,https://randomuser.me/api/portraits/men/13.jpg
175,William,Jackson,https://randomuser.me/api/portraits/men/13.jpg
176,Mark,Miller,https://randomuser.me/api/portraits/men/13.jpg
177,Linda,Miller,https://randomuser.me/api/portraits/men/13.jpg
178,Joseph,Miller,https://randomuser.me/api/portraits/men/13.jpg
179,Mary,White,https://randomuser.me/api/portraits/men/13.jpg
180,David,Davis,https://randomuser.me/api/portraits/men/13.jpg
181,Daniel,Jones,https://randomuser.me/api/portraits/men/13.jpg
182,David,Jackson,https://randomuser.me/api/portraits/men/13.jpg
183,Mary,Thompson,https://randomuser.me/api/portraits/men/13.jpg
184,Mark,Williams,https://randomuser.me/api/portraits/men/13.jpg
185,Susan,Johnson,https://randomuser.me/api/portraits/men/13.jpg
186,Barbara,Jones,https://randomuser.me/api/portraits/men/13.jpg
187,Mary,Jackson,https://randomuser.me/api/portraits/men/13.jpg
188,Jennifer,Davis,https://randomuser.me/api/portraits/men/13.jpg
189,Patricia,Miller,https://randomuser.me/api/portraits/men/13.jpg
190,Linda,Davis,https://randomuser.me/api/portraits/men/13.jpg
191,Thomas,Davis,https://randomuser.me/api/portraits/men/13.jpg
192,Richard,Anderson,https://randomuser.me/api/portraits/men/13.jpg
193,Elizabeth,Garcia,https://randomuser.me/api/portraits/men/13.jpg
194,Charles,Wilson,https://randomuser.me/api/portraits/men/13.jpg
195,Elizabeth,Rodriguez,https://randomuser.me/api/portraits/men/13.jpg
196,Robert,Garcia,https://randomuser.me/api/portraits/men/13.jpg
197,John,Jackson,https://randomuser.me/api/portraits/men/13.jpg
198,William,Williams,https://randomuser.me/api/portraits/men/13.jpg
199,Michael,Rodriguez,https://randomuser.me/api/portraits/men/13.jpg
200,Barbara,Miller,https://randomuser.me/api/portraits/men/13.jpg
201,Elizabeth,Williams,https://randomuser.me/api/portraits/men/13.jpg
202,Elizabeth,Brown,https://randomuser.me/api/portraits/men/13.jpg
203,William,Lee,https://randomuser.me/api/portraits/men/13.jpg
204,Mary,Garcia,https://randomuser.me/api/portraits/men/13.jpg
205,Elizabeth,Martinez,https://randomuser.me/api/portraits/men/13.jpg
206,Robert,Martinez,https://randomuser.me/api/portraits/men/13.jpg
207,Elizabeth,Jones,https://randomuser.me/api/portraits/men/13.jpg
208,Patricia,Davis,https://randomuser.me/api/portraits/men/13.jpg
209,Joseph,Jones,https://randomuser.me/api/portraits/men/13.jpg
210,Thomas,Moore,https://randomuser.me/api/portraits/men/13.jpg
211,Daniel,Taylor,https://randomuser.me/api/portraits/men/13.jpg
212,Charles,Moore,https://randomuser.me/api/portraits/men/13.jpg
213,Elizabeth,Miller,https://randomuser.me/api/portraits/men/13.jpg
214,Charles,Taylor,https://randomuser.me/api/portraits/men/13.jpg
215,Mary,Martinez,https://randomuser.me/api/portraits/men/13.jpg
216,Daniel,Davis,https://randomuser.me/api/portraits/men/13.jpg
217,Barbara,Davis,https://randomuser.me/api/portraits/men/13.jpg
218,Susan,Miller,https://randomuser.me/api/portraits/men/13.jpg
219,Joseph,Davis,https://randomuser.me/api/portraits/men/13.jpg
220,Mark,Brown,https://randomuser.me/api/portraits/men/13.jpg
221,Charles,Thomas,https://randomuser.me/api/portraits/men/13.jpg
222,Richard,Wilson,https://randomuser.me/api/portraits/men/13.jpg
223,Thomas,Wilson,https://randomuser.me/api/portraits/men/13.jpg
224,Robert,Rodriguez,https://randomuser.me/api/portraits/men/13.jpg
225,Mark,Davis,https://randomuser.me/api/portraits/men/13.jpg
226,Mary,Lee,https://randomuser.me/api/portraits/men/13.jpg
227,Mark,Jones,https://randomuser.me/api/portraits/men/13.jpg
228,Charles,Anderson,https://randomuser.me/api/portraits/men/13.jpg
229,Richard,Taylor,https://randomuser.me/api/portraits/men/13.jpg
230,Richard,Martin,https://randomuser.me/api/portraits/men/13.jpg
231,Thomas,Martin,https://randomuser.me/api/portraits/men/13.jpg
232,Richard,Moore,https://randomuser.me/api/portraits/men/13.jpg
233,Charles,White,https://randomuser.me/api/portraits/men/13.jpg
234,Mark,Anderson,https://randomuser.me/api/portraits/men/13.jpg
235,Susan,Brown,https://randomuser.me/api/portraits/men/13.jpg
236,John,Garcia,https://randomuser.me/api/portraits/men/13.jpg
237,Jennifer,Wilson,https://randomuser.me/api/portraits/men/13.jpg
238,Richard,White,https://randomuser.me/api/portraits/men/13.jpg
239,Jennifer,Anderson,https://randomuser.me/api/portraits/men/13.jpg
240,Thomas,Anderson,https://randomuser.me/api/portraits/men/13.jpg
241,John,Martinez,https://randomuser.me/api/portraits/men/13.jpg
242,Patricia,Garcia,https://randomuser.me/api/portraits/men/13.jpg
243,Daniel,Martin,https://randomuser.me/api/portraits/men/13.jpg
244,Charles,Jackson,https://randomuser.me/api/portraits/men/13.jpg
245,Jennifer,Lee,https://randomuser.me/api/portraits/men/13.jpg
246,Richard,Thomas,https://randomuser.me/api/portraits/men/13.jpg
247,Charles,Thompson,https://randomuser.me/api/portraits/men/13.jpg
248,Richard,Thompson,https://randomuser.me/api/portraits/men/13.jpg
249,Charles,Martin,https://randomuser.me/api/portraits/men/13.jpg
250,Elizabeth,Davis,https://randomuser.me/api/portraits/men/13.jpg
251,Thomas,Taylor,https://randomuser.me/api/portraits/men/13.jpg
252,Linda,Wilson,https://randomuser.me/api/portraits/men/13.jpg
253,Richard,Garcia,https://randomuser.me/api/portraits/men/13.jpg
254,Joseph,Martin,https://randomuser.me/api/portraits/men/13.jpg
255,Joseph,Thomas,https://randomuser.me/api/portraits/men/13.jpg
256,Daniel,Lee,https://randomuser.me/api/portraits/men/13.jpg
257,Jennifer,Taylor,https://randomuser.me/api/portraits/men/13.jpg
258,Richard,Lee,https://randomuser.me/api/portraits/men/13.jpg
259,Thomas,White,https://randomuser.me/api/portraits/men/13.jpg
260,Jennifer,Martin,https://randomuser.me/api/portraits/men/13.jpg
261,Linda,Anderson,https://randomuser.me/api/portraits/men/13.jpg
262,Mary,Rodriguez,https://randomuser.me/api/portraits/men/13.jpg
263,Joseph,Garcia,https://randomuser.me/api/portraits/men/13.jpg
264,Susan,Williams,https://randomuser.me/api/portraits/men/13.jpg
265,Joseph,Martinez,https://randomuser.me/api/portraits/men/13.jpg
266,Jennifer,Garcia,https://randomuser.me/api/portraits/men/13.jpg
267,Linda,Taylor,https://randomuser.me/api/portraits/men/13.jpg
268,Daniel,Wilson,https://randomuser.me/api/portraits/men/13.jpg
269,Patricia,Martinez,https://randomuser.me/api/portraits/men/13.jpg
270,Mark,Wilson,https://randomuser.me/api/portraits/men/13.jpg
271,Linda,Moore,https://randomuser.me/api/portraits/men/13.jpg
272,Jennifer,Moore,https://randomuser.me/api/portraits/men/13.jpg
273,Susan,Jones,https://randomuser.me/api/portraits/men/13.jpg
274,John,Rodriguez,https://randomuser.me/api/portraits/men/13.jpg
275,Richard,Martinez,https://randomuser.me/api/portraits/men/13.jpg
276,Daniel,Moore,https://randomuser.me/api/portraits/men/13.jpg
277,Patricia,Rodriguez,https://randomuser.me/api/portraits/men/13.jpg
278,Linda,Martin,https://randomuser.me/api/portraits/men/13.jpg
279,Jennifer,Rodriguez,https://randomuser.me/api/portraits/men/13.jpg
280,Patricia,Taylor,https://randomuser.me/api/portraits/men/13.jpg
281,Thomas,Lee,https://randomuser.me/api/portraits/men/13.jpg
282,Charles,Lee,https://randomuser.me/api/portraits/men/13.jpg
283,Jennifer,Thompson,https://randomuser.me/api/portraits/men/13.jpg
284,Linda,Thomas,https://randomuser.me/api/portraits/men/13.jpg
285,Patricia,Thomas,https://randomuser.me/api/portraits/men/13.jpg
286,Patricia,Martin,https://randomuser.me/api/portraits/men/13.jpg
287,Jennifer,White,https://randomuser.me/api/portraits/men/13.jpg
288,Jennifer,Martinez,https://randomuser.me/api/portraits/men/13.jpg
289,Patricia,Wilson,https://randomuser.me/api/portraits/men/13.jpg
290,Patricia,Anderson,https://randomuser.me/api/portraits/men/13.jpg
291,Barbara,Wilson,https://randomuser.me/api/portraits/men/13.jpg
292,Richard,Rodriguez,https://randomuser.me/api/portraits/men/13.jpg
293,Patricia,Moore,https://randomuser.me/api/portraits/men/13.jpg
294,Daniel,Anderson,https://randomuser.me/api/portraits/men/13.jpg
295,Joseph,Wilson,https://randomuser.me/api/portraits/men/13.jpg
296,Daniel,White,https://randomuser.me/api/portraits/men/13.jpg
297,Jennifer,Thomas,https://randomuser.me/api/portraits/men/13.jpg
298,Joseph,White,https://randomuser.me/api/portraits/men/13.jpg
299,Daniel,Thompson,https://randomuser.me/api/portraits/men/13.jpg
300,Thomas,Thompson,https://randomuser.me/api/portraits/men/13.jpg
301,Barbara,Anderson,https://randomuser.me/api/portraits/men/13.jpg
302,Linda,White,https://randomuser.me/api/portraits/men/13.jpg
303,Mark,Thompson,https://randomuser.me/api/portraits/men/13.jpg
304,Thomas,Jackson,https://randomuser.me/api/portraits/men/13.jpg
305,Joseph,Moore,https://randomuser.me/api/portraits/men/13.jpg
306,Linda,Thompson,https://randomuser.me/api/portraits/men/13.jpg
307,Linda,Jackson,https://randomuser.me/api/portraits/men/13.jpg
308,Susan,Davis,https://randomuser.me/api/portraits/men/13.jpg
309,Elizabeth,Wilson,https://randomuser.me/api/portraits/men/13.jpg
310,Joseph,Taylor,https://randomuser.me/api/portraits/men/13.jpg
311,Richard,Jackson,https://randomuser.me/api/portraits/men/13.jpg
312,Barbara,Taylor,https://randomuser.me/api/portraits/men/13.jpg
313,Joseph,Rodriguez,https://randomuser.me/api/portraits/men/13.jpg
314,Linda,Lee,https://randomuser.me/api/portraits/men/13.jpg
315,Elizabeth,Anderson,https://randomuser.me/api/portraits/men/13.jpg
316,Joseph,Lee,https://randomuser.me/api/portraits/men/13.jpg
317,Mark,Taylor,https://randomuser.me/api/portraits/men/13.jpg
318,Susan,Anderson,https://randomuser.me/api/portraits/men/13.jpg
319,Patricia,White,https://randomuser.me/api/portraits/men/13.jpg
320,Patricia,Jackson,https://randomuser.me/api/portraits/men/13.jpg
321,Patricia,Thompson,https://randomuser.me/api/portraits/men/13.jpg
322,Jennifer,Jackson,https://randomuser.me/api/portraits/men/13.jpg
323,Barbara,Moore,https://randomuser.me/api/portraits/men/13.jpg
324,Daniel,Thomas,https://randomuser.me/api/portraits/men/13.jpg
325,Joseph,Jackson,https://randomuser.me/api/portraits/men/13.jpg
326,Barbara,Thomas,https://randomuser.me/api/portraits/men/13.jpg
327,Barbara,Martin,https://randomuser.me/api/portraits/men/13.jpg
328,Elizabeth,Martin,https://randomuser.me/api/portraits/men/13.jpg
329,Elizabeth,Moore,https://randomuser.me/api/portraits/men/13.jpg
330,Joseph,Anderson,https://randomuser.me/api/portraits/men/13.jpg
331,Mark,Thomas,https://randomuser.me/api/portraits/men/13.jpg
332,Barbara,Jackson,https://randomuser.me/api/portraits/men/13.jpg
333,Joseph,Thompson,https://randomuser.me/api/portraits/men/13.jpg
334,Elizabeth,Taylor,https://randomuser.me/api/portraits/men/13.jpg
335,Barbara,White,https://randomuser.me/api/portraits/men/13.jpg
336,Barbara,Thompson,https://randomuser.me/api/portraits/men/13.jpg
337,Elizabeth,Thomas,https://randomuser.me/api/portraits/men/13.jpg
338,Elizabeth,Thompson,https://randomuser.me/api/portraits/men/13.jpg
339,Daniel,Jackson,https://randomuser.me/api/portraits/men/13.jpg
340,Susan,Wilson,https://randomuser.me/api/portraits/men/13.jpg
341,Elizabeth,White,https://randomuser.me/api/portraits/men/13.jpg
342,Susan,Martin,https://randomuser.me/api/portraits/men/13.jpg
343,Linda,Garcia,https://randomuser.me/api/portraits/men/13.jpg
344,Susan,Taylor,https://randomuser.me/api/portraits/men/13.jpg
345,Susan,Lee,https://randomuser.me/api/portraits/men/13.jpg
346,William,Rodriguez,https://randomuser.me/api/portraits/men/13.jpg
347,Susan,Moore,https://randomuser.me/api/portraits/men/13.jpg
348,Susan,Thomas,https://randomuser.me/api/portraits/men/13.jpg
349,Patricia,Lee,https://randomuser.me/api/portraits/men/13.jpg
350,Linda,Martinez,https://randomuser.me/api/portraits/men/13.jpg
351,Elizabeth,Lee,https://randomuser.me/api/portraits/men/13.jpg
352,Susan,Thompson,https://randomuser.me/api/portraits/men/13.jpg
353,Elizabeth,Jackson,https://randomuser.me/api/portraits/men/13.jpg
354,James,Garcia,https://randomuser.me/api/portraits/men/13.jpg
355,Mark,Moore,https://randomuser.me/api/portraits/men/13.jpg
356,Mark,White,https://randomuser.me/api/portraits/men/13.jpg
357,Mark,Jackson,https://randomuser.me/api/portraits/men/13.jpg
358,Barbara,Lee,https://randomuser.me/api/portraits/men/13.jpg
359,Susan,White,https://randomuser.me/api/portraits/men/13.jpg
360,Linda,Rodriguez,https://randomuser.me/api/portraits/men/13.jpg
361,James,Martinez,https://randomuser.me/api/portraits/men/13.jpg
362,Mark,Lee,https://randomuser.me/api/portraits/men/13.jpg
363,William,Martinez,https://randomuser.me/api/portraits/men/13.jpg
364,William,Garcia,https://randomuser.me/api/portraits/men/13.jpg
365,Mark,Martin,https://randomuser.me/api/portraits/men/13.jpg
366,James,Rodriguez,https://randomuser.me/api/portraits/men/13.jpg
367,Mark,Martinez,https://randomuser.me/api/portraits/men/13.jpg
368,Mark,Garcia,https://randomuser.me/api/portraits/men/13.jpg
369,Susan,Jackson,https://randomuser.me/api/portraits/men/13.jpg
370,Thomas,Garcia,https://randomuser.me/api/portraits/men/13.jpg
371,Thomas,Martinez,https://randomuser.me/api/portraits/men/13.jpg
372,Barbara,Garcia,https://randomuser.me/api/portraits/men/13.jpg
373,Barbara,Rodriguez,https://randomuser.me/api/portraits/men/13.jpg
374,Mark,Rodriguez,https://randomuser.me/api/portraits/men/13.jpg
375,Barbara,Martinez,https://randomuser.me/api/portraits/men/13.jpg
376,Susan,Garcia,https://randomuser.me/api/portraits/men/13.jpg
377,Susan,Martinez,https://randomuser.me/api/portraits/men/13.jpg
378,Susan,Rodriguez,https://randomuser.me/api/portraits/men/13.jpg
379,Maria,Smith,https://randomuser.me/api/portraits/men/13.jpg
380,Thomas,Rodriguez,https://randomuser.me/api/portraits/men/13.jpg
381,Charles,Garcia,https://randomuser.me/api/portraits/men/13.jpg
382,Maria,Johnson,https://randomuser.me/api/portraits/men/13.jpg
383,Charles,Martinez,https://randomuser.me/api/portraits/men/13.jpg
384,Thomas,Thomas,https://randomuser.me/api/portraits/men/13.jpg
385,Maria,Williams,https://randomuser.me/api/portraits/men/13.jpg
386,Maria,Martin,https://randomuser.me/api/portraits/men/13.jpg
387,Charles,Rodriguez,https://randomuser.me/api/portraits/men/13.jpg
388,Maria,Brown,https://randomuser.me/api/portraits/men/13.jpg
389,Maria,Jones,https://randomuser.me/api/portraits/men/13.jpg
390,Maria,Miller,https://randomuser.me/api/portraits/men/13.jpg
391,Maria,Davis,https://randomuser.me/api/portraits/men/13.jpg
392,Maria,Thomas,https://randomuser.me/api/portraits/men/13.jpg
393,Maria,Wilson,https://randomuser.me/api/portraits/men/13.jpg
394,Maria,Anderson,https://randomuser.me/api/portraits/men/13.jpg
395,Maria,Lee,https://randomuser.me/api/portraits/men/13.jpg
396,Maria,Thompson,https://randomuser.me/api/portraits/men/13.jpg
397,Maria,Moore,https://randomuser.me/api/portraits/men/13.jpg
398,Maria,White,https://randomuser.me/api/portraits/men/13.jpg
399,Maria,Taylor,https://randomuser.me/api/portraits/men/13.jpg
400,Maria,Jackson,https://randomuser.me/api/portraits/men/13.jpg
